{"assets":{"9A01D5942C5B3EB446A8BF212BC336FD":{"type":"texture","index":3,"assetRequest":{"type":"slide","state":"incoming","slide":"8AB00C60-BCA3-4F87-93FE-9B35F032649B"},"url":{"web":"assets/9A01D5942C5B3EB446A8BF212BC336FD.svg"},"width":1024,"height":768},"90B797D7B5A60B94425DDEDCA9930D62":{"type":"texture","index":2,"assetRequest":{"type":"slide","state":"outgoing","slide":"C531FC19-5A2C-4697-9645-4B5FF7BAA95C"},"url":{"web":"assets/90B797D7B5A60B94425DDEDCA9930D62.svg"},"width":1024,"height":768}},"events":[{"effects":[{"beginTime":0,"baseLayer":{"animations":[],"initialState":{"affineTransform":[1,0,0,1,0,0],"masksToBounds":false,"rotation":0,"scale":1,"position":{"pointX":512,"pointY":384},"width":1024,"sublayerTransform":[1,0,0,0,0,1,0,0,0,0,1,0,0,0,0,1],"contentsRect":{"y":0,"x":0,"width":1,"height":1},"opacity":1,"edgeAntialiasingMask":251658240,"height":768,"hidden":false,"anchorPoint":{"pointX":0.5,"pointY":0.5}},"objectID":"0","layers":[{"animations":[],"initialState":{"affineTransform":[1,0,0,1,0,0],"masksToBounds":false,"rotation":0,"scale":1,"position":{"pointX":512,"pointY":384},"width":1024,"sublayerTransform":[1,0,0,0,0,1,0,0,0,0,1,-0.0004922987690640373,0,0,0,1],"contentsRect":{"y":0,"x":0,"width":1,"height":1},"opacity":1,"edgeAntialiasingMask":251658240,"height":768,"hidden":false,"anchorPoint":{"pointX":0.5,"pointY":0.5}},"layers":[{"animations":[],"layers":[],"initialState":{"affineTransform":[1,0,0,1,0,0],"masksToBounds":false,"rotation":0,"scale":1,"position":{"pointX":512,"pointY":384},"width":1024,"sublayerTransform":[1,0,0,0,0,1,0,0,0,0,1,0,0,0,0,1],"contentsRect":{"y":0,"x":0,"width":1,"height":1},"opacity":1,"edgeAntialiasingMask":0,"height":768,"hidden":false,"anchorPoint":{"pointX":0.5,"pointY":0.5}},"texture":"9A01D5942C5B3EB446A8BF212BC336FD"},{"animations":[{"timeOffset":0,"from":{"scalar":false},"beginTime":0,"repeatCount":0,"fillMode":"both","property":"hidden","autoreverses":false,"duration":0.01,"to":{"scalar":true}}],"layers":[],"initialState":{"affineTransform":[1,0,0,1,0,0],"masksToBounds":false,"rotation":0,"scale":1,"position":{"pointX":512,"pointY":384},"width":1024,"sublayerTransform":[1,0,0,0,0,1,0,0,0,0,1,0,0,0,0,1],"contentsRect":{"y":0,"x":0,"width":1,"height":1},"opacity":1,"edgeAntialiasingMask":0,"height":768,"hidden":false,"anchorPoint":{"pointX":0.5,"pointY":0.5}},"texture":"90B797D7B5A60B94425DDEDCA9930D62"}]}]},"effects":[],"duration":0.01,"type":"transition","name":"none","objectID":"0"}],"automaticPlay":false,"hyperlinks":[],"accessibility":[{"text":"pattern","targetRectangle":{"y":40,"x":36,"width":102.1031251251698,"height":28}},{"text":"MVC - Model View Controller","targetRectangle":{"y":220,"x":66.10000058454625,"width":391.2019599999999,"height":64.08000040054321}},{"text":"Presentation Model","targetRectangle":{"y":284.0800004005432,"x":66.10000058454625,"width":261.3178799999999,"height":64.08000040054321}},{"text":"Martin Fowler, 2004","targetRectangle":{"y":348.1600008010864,"x":101.1000005845463,"width":266.8149999999999,"height":64.08000040054321}},{"text":"\"An abstract of the view that is not dependent on a specific GUI framework\"","targetRectangle":{"y":412.2400012016296,"x":101.1000005845463,"width":855.2992399999999,"height":104.0800004005432}},{"text":"Model View ViewModel (Model View Binder)","targetRectangle":{"y":516.3200016021729,"x":66.10000058454625,"width":599.6831600000002,"height":64.08000040054321}},{"text":"Microsoft, Ken Cooper and Ted Peters, 2005","targetRectangle":{"y":580.4000020027161,"x":101.1000005845463,"width":588.4257600000001,"height":64.08000040054321}},{"text":"Modificação da arquitetura \"Presentation Model\"","targetRectangle":{"y":644.4800024032593,"x":101.1000005845463,"width":656.0578799999997,"height":40}},{"text":"MVVM - Model View viewmodel","targetRectangle":{"y":125,"x":36,"width":504.1439999999998,"height":48.400146484375}}],"baseLayer":{"animations":[],"initialState":{"affineTransform":[1,0,0,1,0,0],"masksToBounds":false,"rotation":0,"scale":1,"position":{"pointX":512,"pointY":384},"width":1024,"sublayerTransform":[1,0,0,0,0,1,0,0,0,0,1,0,0,0,0,1],"contentsRect":{"y":0,"x":0,"width":1,"height":1},"opacity":1,"edgeAntialiasingMask":251658240,"height":768,"hidden":false,"anchorPoint":{"pointX":0.5,"pointY":0.5}},"objectID":"0","layers":[{"animations":[],"initialState":{"affineTransform":[1,0,0,1,0,0],"masksToBounds":false,"rotation":0,"scale":1,"position":{"pointX":512,"pointY":384},"width":1024,"sublayerTransform":[1,0,0,0,0,1,0,0,0,0,1,-0.0004922987690640373,0,0,0,1],"contentsRect":{"y":0,"x":0,"width":1,"height":1},"opacity":1,"edgeAntialiasingMask":251658240,"height":768,"hidden":false,"anchorPoint":{"pointX":0.5,"pointY":0.5}},"layers":[{"animations":[],"layers":[],"initialState":{"affineTransform":[1,0,0,1,0,0],"masksToBounds":false,"rotation":0,"scale":1,"position":{"pointX":512,"pointY":384},"width":1024,"sublayerTransform":[1,0,0,0,0,1,0,0,0,0,1,0,0,0,0,1],"contentsRect":{"y":0,"x":0,"width":1,"height":1},"opacity":1,"edgeAntialiasingMask":0,"height":768,"hidden":false,"anchorPoint":{"pointX":0.5,"pointY":0.5}},"texture":"90B797D7B5A60B94425DDEDCA9930D62"}]}]}}]}