{"autoplayTransitionDelay":5,"author":"","timestamp":"2016-40-8 15:7:0","loopSlideshow":0,"filename":"MVVM.key","autoplayBuildDelay":2,"comment":"","title":"MVVM.key","showMode":0,"creator":"Apple Keynote 6.6.2","slideList":["530E9AF0-43D7-4833-AF5F-F344C0C97C42","C531FC19-5A2C-4697-9645-4B5FF7BAA95C","8AB00C60-BCA3-4F87-93FE-9B35F032649B","74C33EA0-AFAF-484F-A1D5-815714BDBCBC","268BC30E-407D-43FE-90DB-4CECAEA1C2F2","D7743449-08EE-481F-A5BD-13D56A752636","977DB711-8D98-4682-BD22-1AFCE094D075","5336BF20-1429-4526-B49F-9DB8C2EB3F58","27B4B4A7-54D1-464A-980C-F9AA7D4FAEFE","AB55B535-80BE-4F18-9BE3-5ABBB49535D1","AC656A50-2AF4-49FE-99C3-4CC2F74362EE"],"soundtrack":{"mode":0,"volume":1},"slideWidth":1024,"slideHeight":768,"slideCount":11,"majorVersion":1,"minorVersion":2,"fonts":["LucidaGrande","DINCondensed-Bold","DINAlternate-Bold","AvenirNext-Medium"]}