{"assets":{"026DF09BA9649FC645D1D224B2C22476":{"type":"texture","index":92,"assetRequest":{"type":"slide","state":"outgoing","slide":"27B4B4A7-54D1-464A-980C-F9AA7D4FAEFE"},"url":{"web":"assets/026DF09BA9649FC645D1D224B2C22476.svg"},"width":1024,"height":768},"D81B93797F3BEABFBD9C91C5D4B1C028":{"type":"texture","index":93,"assetRequest":{"type":"slide","state":"incoming","slide":"AB55B535-80BE-4F18-9BE3-5ABBB49535D1"},"url":{"web":"assets/D81B93797F3BEABFBD9C91C5D4B1C028.svg"},"width":1024,"height":768}},"events":[{"effects":[{"beginTime":0,"baseLayer":{"animations":[],"initialState":{"affineTransform":[1,0,0,1,0,0],"masksToBounds":false,"rotation":0,"scale":1,"position":{"pointX":512,"pointY":384},"width":1024,"sublayerTransform":[1,0,0,0,0,1,0,0,0,0,1,0,0,0,0,1],"contentsRect":{"y":0,"x":0,"width":1,"height":1},"opacity":1,"edgeAntialiasingMask":251658240,"height":768,"hidden":false,"anchorPoint":{"pointX":0.5,"pointY":0.5}},"objectID":"0","layers":[{"animations":[],"initialState":{"affineTransform":[1,0,0,1,0,0],"masksToBounds":false,"rotation":0,"scale":1,"position":{"pointX":512,"pointY":384},"width":1024,"sublayerTransform":[1,0,0,0,0,1,0,0,0,0,1,-0.0004922987690640373,0,0,0,1],"contentsRect":{"y":0,"x":0,"width":1,"height":1},"opacity":1,"edgeAntialiasingMask":251658240,"height":768,"hidden":false,"anchorPoint":{"pointX":0.5,"pointY":0.5}},"layers":[{"animations":[],"layers":[],"initialState":{"affineTransform":[1,0,0,1,0,0],"masksToBounds":false,"rotation":0,"scale":1,"position":{"pointX":512,"pointY":384},"width":1024,"sublayerTransform":[1,0,0,0,0,1,0,0,0,0,1,0,0,0,0,1],"contentsRect":{"y":0,"x":0,"width":1,"height":1},"opacity":1,"edgeAntialiasingMask":0,"height":768,"hidden":false,"anchorPoint":{"pointX":0.5,"pointY":0.5}},"texture":"D81B93797F3BEABFBD9C91C5D4B1C028"},{"animations":[{"timeOffset":0,"from":{"scalar":false},"beginTime":0,"repeatCount":0,"fillMode":"both","property":"hidden","autoreverses":false,"duration":0.01,"to":{"scalar":true}}],"layers":[],"initialState":{"affineTransform":[1,0,0,1,0,0],"masksToBounds":false,"rotation":0,"scale":1,"position":{"pointX":512,"pointY":384},"width":1024,"sublayerTransform":[1,0,0,0,0,1,0,0,0,0,1,0,0,0,0,1],"contentsRect":{"y":0,"x":0,"width":1,"height":1},"opacity":1,"edgeAntialiasingMask":0,"height":768,"hidden":false,"anchorPoint":{"pointX":0.5,"pointY":0.5}},"texture":"026DF09BA9649FC645D1D224B2C22476"}]}]},"effects":[],"duration":0.01,"type":"transition","name":"none","objectID":"0"}],"automaticPlay":false,"hyperlinks":[],"accessibility":[{"text":"pequeno esforço para transição","targetRectangle":{"y":220,"x":71.00000095367432,"width":494.3599999999999,"height":74}},{"text":"não é muito \"distante\" do MVC","targetRectangle":{"y":294,"x":71.00000095367432,"width":484.4660000000001,"height":74}},{"text":"o controller e a view \"desconhecem\" o modelo","targetRectangle":{"y":368,"x":71.00000095367432,"width":730.5920000000001,"height":74}},{"text":"mais fácil para realizar mudanças no código","targetRectangle":{"y":442,"x":71.00000095367432,"width":681.4280000000002,"height":74}},{"text":"obs1.: network updating","targetRectangle":{"y":516,"x":71.00000095367432,"width":383.724,"height":74}},{"text":"obs2.: controller updating","targetRectangle":{"y":590,"x":71.00000095367432,"width":406.436,"height":46}},{"text":"mvc - mvvm - conclusão","targetRectangle":{"y":125,"x":36,"width":409.776,"height":48.400146484375}},{"text":"resultados","targetRectangle":{"y":40,"x":36,"width":147.9375001788139,"height":28}}],"baseLayer":{"animations":[],"initialState":{"affineTransform":[1,0,0,1,0,0],"masksToBounds":false,"rotation":0,"scale":1,"position":{"pointX":512,"pointY":384},"width":1024,"sublayerTransform":[1,0,0,0,0,1,0,0,0,0,1,0,0,0,0,1],"contentsRect":{"y":0,"x":0,"width":1,"height":1},"opacity":1,"edgeAntialiasingMask":251658240,"height":768,"hidden":false,"anchorPoint":{"pointX":0.5,"pointY":0.5}},"objectID":"0","layers":[{"animations":[],"initialState":{"affineTransform":[1,0,0,1,0,0],"masksToBounds":false,"rotation":0,"scale":1,"position":{"pointX":512,"pointY":384},"width":1024,"sublayerTransform":[1,0,0,0,0,1,0,0,0,0,1,-0.0004922987690640373,0,0,0,1],"contentsRect":{"y":0,"x":0,"width":1,"height":1},"opacity":1,"edgeAntialiasingMask":251658240,"height":768,"hidden":false,"anchorPoint":{"pointX":0.5,"pointY":0.5}},"layers":[{"animations":[],"layers":[],"initialState":{"affineTransform":[1,0,0,1,0,0],"masksToBounds":false,"rotation":0,"scale":1,"position":{"pointX":512,"pointY":384},"width":1024,"sublayerTransform":[1,0,0,0,0,1,0,0,0,0,1,0,0,0,0,1],"contentsRect":{"y":0,"x":0,"width":1,"height":1},"opacity":1,"edgeAntialiasingMask":0,"height":768,"hidden":false,"anchorPoint":{"pointX":0.5,"pointY":0.5}},"texture":"026DF09BA9649FC645D1D224B2C22476"}]}]}}]}