{"assets":{"D81B93797F3BEABFBD9C91C5D4B1C028":{"type":"texture","index":94,"assetRequest":{"type":"slide","state":"outgoing","slide":"AB55B535-80BE-4F18-9BE3-5ABBB49535D1"},"url":{"web":"assets/D81B93797F3BEABFBD9C91C5D4B1C028.svg"},"width":1024,"height":768},"C24814BAFF57ADCFCD4E10960DC0A7D5":{"type":"texture","index":95,"assetRequest":{"type":"slide","state":"incoming","slide":"AC656A50-2AF4-49FE-99C3-4CC2F74362EE"},"url":{"web":"assets/C24814BAFF57ADCFCD4E10960DC0A7D5.svg"},"width":1024,"height":768}},"events":[{"effects":[{"beginTime":0,"baseLayer":{"animations":[],"initialState":{"affineTransform":[1,0,0,1,0,0],"masksToBounds":false,"rotation":0,"scale":1,"position":{"pointX":512,"pointY":384},"width":1024,"sublayerTransform":[1,0,0,0,0,1,0,0,0,0,1,0,0,0,0,1],"contentsRect":{"y":0,"x":0,"width":1,"height":1},"opacity":1,"edgeAntialiasingMask":251658240,"height":768,"hidden":false,"anchorPoint":{"pointX":0.5,"pointY":0.5}},"objectID":"0","layers":[{"animations":[],"initialState":{"affineTransform":[1,0,0,1,0,0],"masksToBounds":false,"rotation":0,"scale":1,"position":{"pointX":512,"pointY":384},"width":1024,"sublayerTransform":[1,0,0,0,0,1,0,0,0,0,1,-0.0004922987690640373,0,0,0,1],"contentsRect":{"y":0,"x":0,"width":1,"height":1},"opacity":1,"edgeAntialiasingMask":251658240,"height":768,"hidden":false,"anchorPoint":{"pointX":0.5,"pointY":0.5}},"layers":[{"animations":[],"layers":[],"initialState":{"affineTransform":[1,0,0,1,0,0],"masksToBounds":false,"rotation":0,"scale":1,"position":{"pointX":512,"pointY":384},"width":1024,"sublayerTransform":[1,0,0,0,0,1,0,0,0,0,1,0,0,0,0,1],"contentsRect":{"y":0,"x":0,"width":1,"height":1},"opacity":1,"edgeAntialiasingMask":0,"height":768,"hidden":false,"anchorPoint":{"pointX":0.5,"pointY":0.5}},"texture":"C24814BAFF57ADCFCD4E10960DC0A7D5"},{"animations":[{"timeOffset":0,"from":{"scalar":false},"beginTime":0,"repeatCount":0,"fillMode":"both","property":"hidden","autoreverses":false,"duration":0.01,"to":{"scalar":true}}],"layers":[],"initialState":{"affineTransform":[1,0,0,1,0,0],"masksToBounds":false,"rotation":0,"scale":1,"position":{"pointX":512,"pointY":384},"width":1024,"sublayerTransform":[1,0,0,0,0,1,0,0,0,0,1,0,0,0,0,1],"contentsRect":{"y":0,"x":0,"width":1,"height":1},"opacity":1,"edgeAntialiasingMask":0,"height":768,"hidden":false,"anchorPoint":{"pointX":0.5,"pointY":0.5}},"texture":"D81B93797F3BEABFBD9C91C5D4B1C028"}]}]},"effects":[],"duration":0.01,"type":"transition","name":"none","objectID":"0"}],"automaticPlay":false,"hyperlinks":[{"url":"http://artsy.github.io/blog/2015/09/24/mvvm-in-swift/","targetRectangle":{"y":220,"x":71.00000095367432,"width":849.7960000000002,"height":74}},{"url":"https://www.objc.io/issues/13-architecture/mvvm/","targetRectangle":{"y":294,"x":71.00000095367432,"width":783.4280000000001,"height":74}},{"url":"https://www.natashatherobot.com/updated-protocol-oriented-mvvm-in-swift-2-0/","targetRectangle":{"y":368,"x":71.00000095367432,"width":834.7000000000002,"height":120}},{"url":"http://artsy.github.io/blog/2015/09/24/mvvm-in-swift/","targetRectangle":{"y":488,"x":71.00000095367432,"width":849.796,"height":46}}],"accessibility":[{"text":"MVVM by sample (last seen jul 6th)","targetRectangle":{"y":40,"x":36,"width":455.5968756079674,"height":28}},{"text":"http://artsy.github.io/blog/2015/09/24/mvvm-in-swift/","targetRectangle":{"y":220,"x":71.00000095367432,"width":849.7960000000002,"height":74}},{"text":"https://www.objc.io/issues/13-architecture/mvvm/","targetRectangle":{"y":294,"x":71.00000095367432,"width":783.4280000000001,"height":74}},{"text":"https://www.natashatherobot.com/updated-protocol-oriented-mvvm-in-swift-2-0/","targetRectangle":{"y":368,"x":71.00000095367432,"width":834.7000000000002,"height":120}},{"text":"http://artsy.github.io/blog/2015/09/24/mvvm-in-swift/","targetRectangle":{"y":488,"x":71.00000095367432,"width":849.796,"height":46}},{"text":"References","targetRectangle":{"y":125,"x":36,"width":190.032,"height":48.400146484375}}],"baseLayer":{"animations":[],"initialState":{"affineTransform":[1,0,0,1,0,0],"masksToBounds":false,"rotation":0,"scale":1,"position":{"pointX":512,"pointY":384},"width":1024,"sublayerTransform":[1,0,0,0,0,1,0,0,0,0,1,0,0,0,0,1],"contentsRect":{"y":0,"x":0,"width":1,"height":1},"opacity":1,"edgeAntialiasingMask":251658240,"height":768,"hidden":false,"anchorPoint":{"pointX":0.5,"pointY":0.5}},"objectID":"0","layers":[{"animations":[],"initialState":{"affineTransform":[1,0,0,1,0,0],"masksToBounds":false,"rotation":0,"scale":1,"position":{"pointX":512,"pointY":384},"width":1024,"sublayerTransform":[1,0,0,0,0,1,0,0,0,0,1,-0.0004922987690640373,0,0,0,1],"contentsRect":{"y":0,"x":0,"width":1,"height":1},"opacity":1,"edgeAntialiasingMask":251658240,"height":768,"hidden":false,"anchorPoint":{"pointX":0.5,"pointY":0.5}},"layers":[{"animations":[],"layers":[],"initialState":{"affineTransform":[1,0,0,1,0,0],"masksToBounds":false,"rotation":0,"scale":1,"position":{"pointX":512,"pointY":384},"width":1024,"sublayerTransform":[1,0,0,0,0,1,0,0,0,0,1,0,0,0,0,1],"contentsRect":{"y":0,"x":0,"width":1,"height":1},"opacity":1,"edgeAntialiasingMask":0,"height":768,"hidden":false,"anchorPoint":{"pointX":0.5,"pointY":0.5}},"texture":"D81B93797F3BEABFBD9C91C5D4B1C028"}]}]}}]}